nodes	edges	assortativity	assortativity_avg	assortativity_sigma	assortativity_z	
161	18408	0.176707192301	-0.0550843411203	0.00712326512659	32.5400682555	