nodes	edges	assortativity	assortativity_avg	assortativity_sigma	assortativity_z	
11421	14972	0.626091219822	0.342176310451	0.0102545430484	27.6867441125	