nodes	edges	clustering	sizeGC	sizeGC%	averagePathLength	reciprocity	density	diameter	a_out_in	a_out_in_avg	a_out_in_z	a_out_in_ASP	a_in_out	a_in_out_avg	a_in_out_z	a_in_out_ASP	a_out_out	a_out_out_avg	a_out_out_z	a_out_out_ASP	a_in_in	a_in_in_avg	a_in_in_z	a_in_in_ASP	kin_max_val	kin_max_avg	kin_max_sigma	kin_max_z	kin_max_size	kin_size_avg	kin_size_sigma	kin_size_z	kout_max_val	kout_max_avg	kout_max_sigma	kout_max_z	kout_max_size	kout_size_avg	kout_size_sigma	kout_size_z
62669	260988	0.0513593272991	27937	0.445786593052	6.86748985208	0.138320847822	6.64541243495e-05	33	0.0478934644131	-0.00267748761875	31.4169068889	0.318747880719	0.088937333729	-0.00112226161191	46.8619248954	0.475449072681	0.124684491367	-0.00172294778084	75.2108426668	0.763069922571	0.0522656735236	-0.00190704275731	29.5809182676	0.300120410989	9	4	0.0	Nan	48	2923	129.267165204	-22.2407600217	11	5	0.0	Nan	227	4884	304.200591715	-15.3089774538	
