nodes	edges	clustering	sizeGC	sizeGC%	averagePathLength	reciprocity	density	diameter	a_out_in	a_out_in_avg	a_out_in_z	a_out_in_ASP	a_in_out	a_in_out_avg	a_in_out_z	a_in_out_ASP	a_out_out	a_out_out_avg	a_out_out_z	a_out_out_ASP	a_in_in	a_in_in_avg	a_in_in_z	a_in_in_ASP	kin_max_val	kin_max_avg	kin_max_sigma	kin_max_z	kin_max_size	kin_size_avg	kin_size_sigma	kin_size_z	kout_max_val	kout_max_avg	kout_max_sigma	kout_max_z	kout_max_size	kout_size_avg	kout_size_sigma	kout_size_z
18501	49392	0.0922377621098	6329	0.342089616777	8.35015020698	0.220529867037	0.000144307758383	48	-0.0103552304964	-0.0028875966068	-1.84886941176	-0.116557014563	0.0447686198309	-0.00187860163135	11.7406773307	0.740159521223	0.0403277775725	-0.0020988650126	9.12676856301	0.575372651819	0.0189191873621	-0.00239054727652	5.20141918654	0.32790952569	11	2	0.0	Nan	37	3420	116.288434507	-29.0914570684	11	2	0.0	Nan	37	6412	103.237590053	-61.7507634255	
