nodes	edges	assortativity	assortativity_avg	assortativity_sigma	assortativity_z	
11295	14697	0.0125685404095	-0.000540022186755	0.00866870347827	1.51217106792	