nodes	edges	clustering	sizeGC	sizeGC%	averagePathLength	reciprocity	density	diameter	a_out_in	a_out_in_avg	a_out_in_z	a_out_in_ASP	a_in_out	a_in_out_avg	a_in_out_z	a_in_out_ASP	a_out_out	a_out_out_avg	a_out_out_z	a_out_out_ASP	a_in_in	a_in_in_avg	a_in_in_z	a_in_in_ASP	kin_max_val	kin_max_avg	kin_max_sigma	kin_max_z	kin_max_size	kin_size_avg	kin_size_sigma	kin_size_z	kout_max_val	kout_max_avg	kout_max_sigma	kout_max_z	kout_max_size	kout_size_avg	kout_size_sigma	kout_size_z
23209	60830	0.0725906040268	9123	0.393080270585	8.37579724455	0.203778757897	0.000112933729945	46	0.0294724550887	-0.00272216978521	8.47219366775	0.302768849251	0.0668756577914	-0.00142558404383	16.4577421697	0.588146571409	0.0772862599155	-0.0021296152172	18.2214532321	0.651175910647	0.0388669402568	-0.00209194255066	10.4094675478	0.372000763246	6	2	0.0	Nan	8	4199	119.218287188	-35.1540027865	6	2	0.0	Nan	136	8177	85.5686858611	-93.9712924077	
