nodes	edges	clustering	sizeGC	sizeGC%	averagePathLength	reciprocity	density	diameter	a_out_in	a_out_in_avg	a_out_in_z	a_out_in_ASP	a_in_out	a_in_out_avg	a_in_out_z	a_in_out_ASP	a_out_out	a_out_out_avg	a_out_out_z	a_out_out_ASP	a_in_in	a_in_in_avg	a_in_in_z	a_in_in_ASP	kin_max_val	kin_max_avg	kin_max_sigma	kin_max_z	kin_max_size	kin_size_avg	kin_size_sigma	kin_size_z	kout_max_val	kout_max_avg	kout_max_sigma	kout_max_z	kout_max_size	kout_size_avg	kout_size_sigma	kout_size_z
3331	14683	0.126127215562	2233	0.670369258481	5.68754820243	0.227574611181	0.00132371939637	17	0.0454950547186	-0.0083709788832	7.51365429921	0.367847505832	0.0961326132154	-0.00406543590111	12.5341885636	0.61363882568	0.0684162960708	-0.00648320465576	8.98870941397	0.440062079902	0.0741536083944	-0.00614201245875	11.0843954444	0.542661008277	8	3	0.0	Nan	14	1056	38.535697736	-27.0398633272	9	3	0.0	Nan	14	1295	27.0185121722	-47.4119371132	
