nodes	edges	assortativity	assortativity_avg	assortativity_sigma	assortativity_z	
191	18309	-0.0588212694666	-0.0953428023272	0.00428817997522	8.51679105624	