nodes	edges	assortativity	assortativity_avg	assortativity_sigma	assortativity_z	
11421	14972	0.377274846217	-0.000645439402238	0.00831901427324	45.4284934737	