nodes	edges	assortativity	assortativity_avg	assortativity_sigma	assortativity_z	
192	18310	0.175231427149	-0.0548656473844	0.00722723411583	31.8375011583	