nodes	edges	assortativity	assortativity_avg	assortativity_sigma	assortativity_z	
11296	14698	0.0777470339222	0.000539052212362	0.0078334605406	9.85617803391	