nodes	edges	clustering	sizeGC	sizeGC%	averagePathLength	reciprocity	density	diameter	a_out_in	a_out_in_avg	a_out_in_z	a_out_in_ASP	a_in_out	a_in_out_avg	a_in_out_z	a_in_out_ASP	a_out_out	a_out_out_avg	a_out_out_z	a_out_out_ASP	a_in_in	a_in_in_avg	a_in_in_z	a_in_in_ASP	kin_max_val	kin_max_avg	kin_max_sigma	kin_max_z	kin_max_size	kin_size_avg	kin_size_sigma	kin_size_z	kout_max_val	kout_max_avg	kout_max_sigma	kout_max_z	kout_max_size	kout_size_avg	kout_size_sigma	kout_size_z
3133	10053	0.106523706747	1727	0.551228854133	6.9260664506	0.204353083434	0.00102450370729	20	0.0283182348567	-0.00827061242796	3.7854703264	0.349841257643	0.0659577759894	-0.00329741068998	6.67537357931	0.616917024006	0.0573269570203	-0.00628310531307	6.0756345476	0.561491029606	0.0398131851506	-0.00662838259287	4.61305659341	0.426324176672	5	2	0.0	Nan	13	1244	33.5111921602	-36.7339960367	4	2	0.0	Nan	40	1377	32.6036807738	-41.007639882	
