nodes	edges	assortativity	assortativity_avg	assortativity_sigma	assortativity_z	
11253	14621	0.0630334254191	-0.000420274052801	0.00749622183194	8.46475743308	