nodes	edges	clustering	sizeGC	sizeGC%	averagePathLength	reciprocity	density	diameter	a_out_in	a_out_in_avg	a_out_in_z	a_out_in_ASP	a_in_out	a_in_out_avg	a_in_out_z	a_in_out_ASP	a_out_out	a_out_out_avg	a_out_out_z	a_out_out_ASP	a_in_in	a_in_in_avg	a_in_in_z	a_in_in_ASP	kin_max_val	kin_max_avg	kin_max_sigma	kin_max_z	kin_max_size	kin_size_avg	kin_size_sigma	kin_size_z	kout_max_val	kout_max_avg	kout_max_sigma	kout_max_z	kout_max_size	kout_size_avg	kout_size_sigma	kout_size_z
18706	45020	0.0731155491065	6157	0.329145728643	7.87148390444	0.17432174844	0.000128666903137	31	0.00550311625898	-0.00425439525902	2.27202371594	0.150193754637	0.044820258272	-0.00307259567573	10.6003121816	0.70074122718	0.0309553013294	-0.00373024369827	7.90125456637	0.522318090847	0.0252033794746	-0.00355094867326	6.99115258567	0.462155147729	6	2	0.0	Nan	15	2613	108.802573499	-23.8781116701	5	2	0.0	Nan	45	4990	97.3960984845	-50.7720542911	
