nodes	edges	clustering	sizeGC	sizeGC%	averagePathLength	reciprocity	density	diameter	a_out_in	a_out_in_avg	a_out_in_z	a_out_in_ASP	a_in_out	a_in_out_avg	a_in_out_z	a_in_out_ASP	a_out_out	a_out_out_avg	a_out_out_z	a_out_out_ASP	a_in_in	a_in_in_avg	a_in_in_z	a_in_in_ASP	kin_max_val	kin_max_avg	kin_max_sigma	kin_max_z	kin_max_size	kin_size_avg	kin_size_sigma	kin_size_z	kout_max_val	kout_max_avg	kout_max_sigma	kout_max_z	kout_max_size	kout_size_avg	kout_size_sigma	kout_size_z
3455	19415	0.111110418783	2441	0.706512301013	5.35610309695	0.181386283348	0.00162692304147	16	0.0226130534905	-0.00758959072149	4.45931750349	0.218110121642	0.0874732183117	-0.00173400647935	13.5280018234	0.661669441784	0.094606512276	-0.00457337171447	12.9828917625	0.635007509415	0.0459015272614	-0.00471117986097	6.82354098984	0.333746891571	5	4	0.0	Nan	388	870	46.3141447076	-10.4071877618	6	4	0.0	Nan	31	1207	29.7321374946	-39.553160287	
