nodes	edges	clustering	sizeGC	sizeGC%	averagePathLength	reciprocity	density	diameter	a_out_in	a_out_in_avg	a_out_in_z	a_out_in_ASP	a_in_out	a_in_out_avg	a_in_out_z	a_in_out_ASP	a_out_out	a_out_out_avg	a_out_out_z	a_out_out_ASP	a_in_in	a_in_in_avg	a_in_in_z	a_in_in_ASP	kin_max_val	kin_max_avg	kin_max_sigma	kin_max_z	kin_max_size	kin_size_avg	kin_size_sigma	kin_size_z	kout_max_val	kout_max_avg	kout_max_sigma	kout_max_z	kout_max_size	kout_size_avg	kout_size_sigma	kout_size_z
26266	109154	0.081822629561	14665	0.558326353461	6.48299985747	0.199013248461	0.00015822252473	26	0.0181744653124	-0.00285237010406	8.06304247851	0.161365127137	0.0894993819018	-0.0015919241132	36.776788064	0.736011387446	0.0567708688273	-0.00257932347099	22.5328348405	0.450948109042	0.0591943492932	-0.00195203304774	23.9059929246	0.478429029476	9	3	0.0	Nan	38	5399	84.835134231	-63.1931575118	9	4	0.0	Nan	79	3872	151.495874531	-25.0369854079	
