nodes	edges	clustering	sizeGC	sizeGC%	averagePathLength	reciprocity	density	diameter	a_out_in	a_out_in_avg	a_out_in_z	a_out_in_ASP	a_in_out	a_in_out_avg	a_in_out_z	a_in_out_ASP	a_out_out	a_out_out_avg	a_out_out_z	a_out_out_ASP	a_in_in	a_in_in_avg	a_in_in_z	a_in_in_ASP	kin_max_val	kin_max_avg	kin_max_sigma	kin_max_z	kin_max_size	kin_size_avg	kin_size_sigma	kin_size_z	kout_max_val	kout_max_avg	kout_max_sigma	kout_max_z	kout_max_size	kout_size_avg	kout_size_sigma	kout_size_z
2640	6442	0.108610028367	811	0.307196969697	7.7518991652	0.124712948242	0.000924650062581	22	-0.0533825788618	-0.00579173689342	-3.82857779128	-0.217771904494	0.164188173063	-0.00236214136024	13.6941692063	0.778932927867	0.130279901657	-0.00365294314889	9.97581871851	0.567430821484	0.0294401100564	-0.00396894267899	2.71569724299	0.154470561362	5	1	0.0	Nan	38	1104	662.283927028	-1.60958156539	5	1	0.0	Nan	11	787	605.191705165	-1.28223832775	
