nodes	edges	assortativity	assortativity_avg	assortativity_sigma	assortativity_z	
178	18217	0.122934063292	-0.0584802356918	0.00691041896527	26.2522865684	