nodes	edges	assortativity	assortativity_avg	assortativity_sigma	assortativity_z	
11267	14738	0.0626127786536	0.000366092874842	0.00896803652917	6.94094917837	