nodes	edges	clustering	sizeGC	sizeGC%	averagePathLength	reciprocity	density	diameter	a_out_in	a_out_in_avg	a_out_in_z	a_out_in_ASP	a_in_out	a_in_out_avg	a_in_out_z	a_in_out_ASP	a_out_out	a_out_out_avg	a_out_out_z	a_out_out_ASP	a_in_in	a_in_in_avg	a_in_in_z	a_in_in_ASP	kin_max_val	kin_max_avg	kin_max_sigma	kin_max_z	kin_max_size	kin_size_avg	kin_size_sigma	kin_size_z	kout_max_val	kout_max_avg	kout_max_sigma	kout_max_z	kout_max_size	kout_size_avg	kout_size_sigma	kout_size_z
3270	13821	0.109357516139	2026	0.619571865443	6.02915990693	0.176646450841	0.00129293530272	17	0.0296712742924	-0.0073390413211	4.36292834018	0.392548434136	0.0592803559011	-0.00245064375181	7.39045021744	0.664945521497	0.0500901887671	-0.00557732000802	5.65077846252	0.508420965039	0.0292324874845	-0.0054410493031	4.23603751594	0.381131607987	5	2	0.0	Nan	10	800	505.850768508	-1.56172541228	5	3	0.0	Nan	11	809	57.636793804	-13.8453225333	
