nodes	edges	clustering	sizeGC	sizeGC%	averagePathLength	reciprocity	density	diameter	a_out_in	a_out_in_avg	a_out_in_z	a_out_in_ASP	a_in_out	a_in_out_avg	a_in_out_z	a_in_out_ASP	a_out_out	a_out_out_avg	a_out_out_z	a_out_out_ASP	a_in_in	a_in_in_avg	a_in_in_z	a_in_in_ASP	kin_max_val	kin_max_avg	kin_max_sigma	kin_max_z	kin_max_size	kin_size_avg	kin_size_sigma	kin_size_z	kout_max_val	kout_max_avg	kout_max_sigma	kout_max_z	kout_max_size	kout_size_avg	kout_size_sigma	kout_size_z
22521	50137	0.0784423316782	5829	0.258825096577	8.9130052014	0.162236203654	9.88558300786e-05	43	0.0195609353888	-0.00274534541266	6.13596462859	0.221485238236	0.0893592280547	-0.00075031377994	20.1940852062	0.728930501331	0.068923805136	-0.00234145996083	16.1898486179	0.584392625316	0.0305432934013	-0.0021228504302	7.74168362517	0.279445652943	8	2	0.0	Nan	66	2361	152.24322645	-15.0745622877	7	2	0.0	Nan	18	3659	165.441832678	-22.0077349305	
